playerid,baseprice,category,finalprice,playername,point,teamname,playerphoto,stats,nationality
A01,200,BATSMAN,1100,"RUTURAJ GAIKWAD",9,CSK,https://bcciplayerimages.s3.ap-south-1.amazonaws.com/ipl/IPLHeadshot2023/102.png,https://masterplacestats.s3.ap-south-1.amazonaws.com/Batsman/1A.jpg,INDIAN
A02,100,BATSMAN,1050,"AJINKYA RAHANE",9,CSK,https://bcciplayerimages.s3.ap-south-1.amazonaws.com/ipl/IPLHeadshot2023/44.png,https://masterplacestats.s3.ap-south-1.amazonaws.com/Batsman/2A.jpg,INDIAN
A03,100,BATSMAN,800,"SAMEER RIZVI",8,DC,https://im.rediff.com/cricket/2023/dec/19sameer1.jpg?w=670&h=900,https://masterplacestats.s3.ap-south-1.amazonaws.com/Batsman/3A.png,INDIAN
A04,100,BATSMAN,100,"PRITHIVI SHAW",8,GT,https://bcciplayerimages.s3.ap-south-1.amazonaws.com/ipl/IPLHeadshot2023/51.png,https://masterplacestats.s3.ap-south-1.amazonaws.com/Batsman/4A.jpg,INDIAN
A05,100,BATSMAN,100,"YASH DULL",7,NULL,https://bcciplayerimages.s3.ap-south-1.amazonaws.com/ipl/IPLHeadshot2023/777.png,https://masterplacestats.s3.ap-south-1.amazonaws.com/Batsman/5A.png,INDIAN
A06,200,BATSMAN,800,"SHUBMAN GILL",10,RCB,https://bcciplayerimages.s3.ap-south-1.amazonaws.com/ipl/IPLHeadshot2023/62.png,https://masterplacestats.s3.ap-south-1.amazonaws.com/Batsman/6A.jpg,INDIAN
A07,100,BATSMAN,800,"SAI SUDHARSON",8,PBKS,https://bcciplayerimages.s3.ap-south-1.amazonaws.com/ipl/IPLHeadshot2023/976.png,https://masterplacestats.s3.ap-south-1.amazonaws.com/Batsman/7A.jpg,INDIAN
A08,100,BATSMAN,550,"NITHISH RANA",8,LSG,https://bcciplayerimages.s3.ap-south-1.amazonaws.com/ipl/IPLHeadshot2023/148.png,https://masterplacestats.s3.ap-south-1.amazonaws.com/Batsman/8A.jpg,INDIAN
A09,100,BATSMAN,650,"RINKU SINGH",9,SRH,https://bcciplayerimages.s3.ap-south-1.amazonaws.com/ipl/IPLHeadshot2023/152.png,https://masterplacestats.s3.ap-south-1.amazonaws.com/Batsman/9A.jpg,INDIAN
A10,200,BATSMAN,600,"SHREYAS IYER",9,RCB,https://bcciplayerimages.s3.ap-south-1.amazonaws.com/ipl/IPLHeadshot2023/12.png,https://masterplacestats.s3.ap-south-1.amazonaws.com/Batsman/10A.jpg,INDIAN
A11,100,BATSMAN,460,"MANISH PANDEY",8,MI,"https://img1.hscicdn.com/image/upload/f_auto,t_ds_square_w_320,q_50/lsci/db/PICTURES/CMS/323000/323052.png",https://masterplacestats.s3.ap-south-1.amazonaws.com/Batsman/11A.jpg,INDIAN
A12,100,BATSMAN,850,"DEVDUTT PADIKKAL",6,MI,https://im.indiatimes.in/content/2020/Oct/rcb-devdutt_5f9a885ef0100.jpg,https://masterplacestats.s3.ap-south-1.amazonaws.com/Batsman/12A.jpg,INDIAN
A13,100,BATSMAN,550,"AYUSH BADONI",6,PBKS,https://bcciplayerimages.s3.ap-south-1.amazonaws.com/ipl/IPLHeadshot2023/985.png,https://masterplacestats.s3.ap-south-1.amazonaws.com/Batsman/13A.jpg,INDIAN
A14,100,BATSMAN,320,"DEEPAK HOODA",6,GT,https://bcciplayerimages.s3.ap-south-1.amazonaws.com/ipl/IPLHeadshot2023/215.png,https://masterplacestats.s3.ap-south-1.amazonaws.com/Batsman/14A.jpg,INDIAN
A15,200,BATSMAN,2050,"ROHIT SHARMA",11,MI,https://bcciplayerimages.s3.ap-south-1.amazonaws.com/ipl/IPLHeadshot2023/6.png,https://masterplacestats.s3.ap-south-1.amazonaws.com/Batsman/15A.jpg,INDIAN
A16,200,BATSMAN,1750,"SURYAKUMAR YADAV",11,SRH,https://bcciplayerimages.s3.ap-south-1.amazonaws.com/ipl/IPLHeadshot2023/174.png,https://masterplacestats.s3.ap-south-1.amazonaws.com/Batsman/16A.jpg,INDIAN
A17,100,BATSMAN,700,"TILAK VARMA",8,KKR,https://bcciplayerimages.s3.ap-south-1.amazonaws.com/ipl/IPLHeadshot2023/993.png,https://masterplacestats.s3.ap-south-1.amazonaws.com/Batsman/17A.jpg,INDIAN
A18,100,BATSMAN,1700,"SHIKHAR DHAWAN",11,KKR,https://bcciplayerimages.s3.ap-south-1.amazonaws.com/ipl/IPLHeadshot2023/11.png,https://masterplacestats.s3.ap-south-1.amazonaws.com/Batsman/18A.jpg,INDIAN
A19,100,BATSMAN,100,"PRABHASIMRAN SINGH",6,NULL,https://bcciplayerimages.s3.ap-south-1.amazonaws.com/ipl/IPLHeadshot2023/137.png,https://masterplacestats.s3.ap-south-1.amazonaws.com/Batsman/19A.jpg,INDIAN
A20,100,BATSMAN,360,"HARPREET SINGH BHATIA",7,CSK,https://bcciplayerimages.s3.ap-south-1.amazonaws.com/ipl/IPLHeadshot2023/1934.png,https://masterplacestats.s3.ap-south-1.amazonaws.com/Batsman/20A.png,INDIAN
A21,100,BATSMAN,900,"YASHASVI JAISWAL",9,LSG,https://bcciplayerimages.s3.ap-south-1.amazonaws.com/ipl/IPLHeadshot2023/533.png,https://masterplacestats.s3.ap-south-1.amazonaws.com/Batsman/21A.jpg,INDIAN
A22,100,BATSMAN,420,"RIYAN PARAG",6,SRH,https://bcciplayerimages.s3.ap-south-1.amazonaws.com/ipl/IPLHeadshot2023/189.png,https://masterplacestats.s3.ap-south-1.amazonaws.com/Batsman/22A.jpg,INDIAN
A23,100,BATSMAN,360,"SHUBHAM DUBEY",8,LSG,https://encrypted-tbn0.gstatic.com/images?q=tbn:ANd9GcQ7xA3rPX5DFQE7p8PGS83yRJnf9lB0BoNCyV-c98_HtA&s,https://masterplacestats.s3.ap-south-1.amazonaws.com/Batsman/23A.png,INDIAN
A24,100,BATSMAN,600,"RAJAT PATIDAR",9,RR,https://bcciplayerimages.s3.ap-south-1.amazonaws.com/playerheadshot/ipl/284/5471.png,https://masterplacestats.s3.ap-south-1.amazonaws.com/Batsman/24A.jpg,INDIAN
A25,200,BATSMAN,2450,"VIRAT KOHLI",12,PBKS,https://bcciplayerimages.s3.ap-south-1.amazonaws.com/ipl/IPLHeadshot2023/2.png,https://masterplacestats.s3.ap-south-1.amazonaws.com/Batsman/25A.jpg,INDIAN
A26,100,BATSMAN,100,"SUYASH PRABUDESAI",3,NULL,https://bcciplayerimages.s3.ap-south-1.amazonaws.com/ipl/IPLHeadshot2023/598.png,https://masterplacestats.s3.ap-south-1.amazonaws.com/Batsman/26A.jpg,INDIAN
A27,100,BATSMAN,100,"ABDUL SAMAD",5,NULL,https://bcciplayerimages.s3.ap-south-1.amazonaws.com/ipl/IPLHeadshot2023/525.png,https://masterplacestats.s3.ap-south-1.amazonaws.com/Batsman/27A.jpg,INDIAN
A28,100,BATSMAN,380,"RAHUL TRIPATI",7,DC,https://bcciplayerimages.s3.ap-south-1.amazonaws.com/ipl/IPLHeadshot2023/188.png,https://masterplacestats.s3.ap-south-1.amazonaws.com/Batsman/28A.jpg,INDIAN
A29,100,BATSMAN,100,"MAYANK AGARWAL",8,GT,https://bcciplayerimages.s3.ap-south-1.amazonaws.com/ipl/IPLHeadshot2023/55.png,https://masterplacestats.s3.ap-south-1.amazonaws.com/Batsman/29A.jpg,INDIAN
A30,100,BATSMAN,100,"ANMOLPREET SINGH",6,NULL,https://bcciplayerimages.s3.ap-south-1.amazonaws.com/ipl/IPLHeadshot2023/159.png,https://masterplacestats.s3.ap-south-1.amazonaws.com/Batsman/30A.jpg,INDIAN
A31,200,BATSMAN,1900,"DAVID WARNER",13,RR,https://bcciplayerimages.s3.ap-south-1.amazonaws.com/ipl/IPLHeadshot2023/214.png,https://masterplacestats.s3.ap-south-1.amazonaws.com/Batsman/31A.jpg,OVERSEAS
A32,100,BATSMAN,100,"HARRY BROOK",6,NULL,https://bcciplayerimages.s3.ap-south-1.amazonaws.com/ipl/IPLHeadshot2023/1218.png,https://masterplacestats.s3.ap-south-1.amazonaws.com/Batsman/32A.jpg,OVERSEAS
A33,200,BATSMAN,200,"DAVID MILLER",9,RCB,https://bcciplayerimages.s3.ap-south-1.amazonaws.com/ipl/IPLHeadshot2023/128.png,https://masterplacestats.s3.ap-south-1.amazonaws.com/Batsman/33A.jpg,OVERSEAS
A34,200,BATSMAN,240,"KANE WILLIAMSON",8,MI,https://bcciplayerimages.s3.ap-south-1.amazonaws.com/ipl/IPLHeadshot2023/65.png,https://masterplacestats.s3.ap-south-1.amazonaws.com/Batsman/34A.jpg,OVERSEAS
A35,100,BATSMAN,100,"SHERFANE RUTHERFORD",3,NULL,https://parimatchnews.com/wp-content/uploads/2020/11/shefrany-rutherford.png,https://masterplacestats.s3.ap-south-1.amazonaws.com/Batsman/35A.jpg,OVERSEAS
A36,200,BATSMAN,200,"JASON ROY",8,NULL,https://bcciplayerimages.s3.ap-south-1.amazonaws.com/ipl/IPLHeadshot2023/313.png,https://masterplacestats.s3.ap-south-1.amazonaws.com/Batsman/36A.jpg,OVERSEAS
A37,100,BATSMAN,100,"DEWALD BREVIS",5,NULL,https://bcciplayerimages.s3.ap-south-1.amazonaws.com/ipl/IPLHeadshot2023/797.png,https://masterplacestats.s3.ap-south-1.amazonaws.com/Batsman/37A.jpg,OVERSEAS
A38,100,BATSMAN,100,"TIM DAVID",8,NULL,https://bcciplayerimages.s3.ap-south-1.amazonaws.com/ipl/IPLHeadshot2023/636.png,https://masterplacestats.s3.ap-south-1.amazonaws.com/Batsman/38A.jpg,OVERSEAS
A39,100,BATSMAN,100,"RILEE ROSSOUW",6,NULL,https://bcciplayerimages.s3.ap-south-1.amazonaws.com/ipl/IPLHeadshot2023/1426.png,https://masterplacestats.s3.ap-south-1.amazonaws.com/Batsman/39A.jpg,OVERSEAS
A40,100,BATSMAN,100,"SHIMRON HETMYER",10,CSK,https://bcciplayerimages.s3.ap-south-1.amazonaws.com/ipl/IPLHeadshot2023/210.png,https://masterplacestats.s3.ap-south-1.amazonaws.com/Batsman/40A.jpg,OVERSEAS
A41,100,BATSMAN,100,"ROVMAN POWELL",6,NULL,https://encrypted-tbn0.gstatic.com/images?q=tbn:ANd9GcTfhFzmeR9W3XddqD17z9fewrxuErGkWbG3jN7FhihJmSqm8T90s5uvRfzc9EBm6eFwxss&usqp=CAU,https://masterplacestats.s3.ap-south-1.amazonaws.com/Batsman/41A.jpg,OVERSEAS
A42,200,BATSMAN,550,"FAF DU PLESSIS",10,RCB,https://bcciplayerimages.s3.ap-south-1.amazonaws.com/ipl/IPLHeadshot2023/94.png,https://masterplacestats.s3.ap-south-1.amazonaws.com/Batsman/42A.jpg,OVERSEAS
A43,100,BATSMAN,100,"WILL JACKS",6,NULL,https://cdn.wisden.com/wp-content/uploads/2018/03/GettyImages-1479471395.jpg,https://masterplacestats.s3.ap-south-1.amazonaws.com/Batsman/43A.jpg,OVERSEAS
A44,200,BATSMAN,200,"AIDEN MARKRAM",8,KKR,https://bcciplayerimages.s3.ap-south-1.amazonaws.com/ipl/IPLHeadshot2023/287.png,https://masterplacestats.s3.ap-south-1.amazonaws.com/Batsman/44A.jpg,OVERSEAS
A45,200,BATSMAN,200,"GLENN PHILLIPS",9,NULL,https://bcciplayerimages.s3.ap-south-1.amazonaws.com/ipl/IPLHeadshot2023/635.png,https://masterplacestats.s3.ap-south-1.amazonaws.com/Batsman/45A.jpg,OVERSEAS
A46,100,BATSMAN,100,"TRAVIS HEAD",6,NULL,https://cricclubs.com/documentsRep/profilePics/66723ce2-690b-458d-9a27-efb85d868947.png,https://masterplacestats.s3.ap-south-1.amazonaws.com/Batsman/46A.jpg,OVERSEAS
A47,200,BATSMAN,200,"STEVEN SMITH",8,NULL,https://bcciplayerimages.s3.ap-south-1.amazonaws.com/playerheadshot/ipl/284/271.png,https://masterplacestats.s3.ap-south-1.amazonaws.com/Batsman/47A.jpg,OVERSEAS
A48,100,BATSMAN,100,"JOE ROOT",6,NULL,https://www.mykhel.com/thumb/220x100x220/cricket/players/1/4541.1680524377.jpg,https://masterplacestats.s3.ap-south-1.amazonaws.com/Batsman/48A.jpg,OVERSEAS
A49,100,BATSMAN,100,"FINN ALLEN",8,NULL,https://bcciplayerimages.s3.ap-south-1.amazonaws.com/playerheadshot/ipl/284/3020.png,https://masterplacestats.s3.ap-south-1.amazonaws.com/Batsman/49A.jpg,OVERSEAS
A50,100,BATSMAN,100,"PHIL SALT",9,NULL,https://www.mykhel.com/thumb/247x100x233/cricket/players/2/8012.jpg,https://masterplacestats.s3.ap-south-1.amazonaws.com/Batsman/50A.jpg,OVERSEAS
B01,200,BOWLER,300,"DEEPAK CHAHAR",9,LSG,https://bcciplayerimages.s3.ap-south-1.amazonaws.com/ipl/IPLHeadshot2023/91.png,https://masterplacestats.s3.ap-south-1.amazonaws.com/Bowler/1B.jpg,INDIAN
B02,100,BOWLER,100,"MUKESH CHOUDHARY",5,NULL,https://bcciplayerimages.s3.ap-south-1.amazonaws.com/ipl/IPLHeadshot2023/970.png,https://masterplacestats.s3.ap-south-1.amazonaws.com/Bowler/2B.jpg,INDIAN
B03,100,BOWLER,100,"PRASHANT SOLANKI",7,NULL,https://bcciplayerimages.s3.ap-south-1.amazonaws.com/ipl/IPLHeadshot2023/972.png,https://masterplacestats.s3.ap-south-1.amazonaws.com/Bowler/3B.jpg,INDIAN
B04,100,BOWLER,100,"SIMARJEET SINGH",7,NULL,https://bcciplayerimages.s3.ap-south-1.amazonaws.com/ipl/IPLHeadshot2023/622.png,https://masterplacestats.s3.ap-south-1.amazonaws.com/Bowler/4B.jpg,INDIAN
B05,100,BOWLER,100,"TUSHAR DESPANDE",7,DC,https://bcciplayerimages.s3.ap-south-1.amazonaws.com/ipl/IPLHeadshot2023/539.png,https://masterplacestats.s3.ap-south-1.amazonaws.com/Bowler/5B.jpg,INDIAN
B06,100,BOWLER,240,"KULDEEP YADAV",9,RR,https://bcciplayerimages.s3.ap-south-1.amazonaws.com/ipl/IPLHeadshot2023/14.png,https://masterplacestats.s3.ap-south-1.amazonaws.com/Bowler/6B.jpg,INDIAN
B07,100,BOWLER,100,"KHALEEL AHMED",9,NULL,https://bcciplayerimages.s3.ap-south-1.amazonaws.com/ipl/IPLHeadshot2023/8.png,https://masterplacestats.s3.ap-south-1.amazonaws.com/Bowler/7B.jpg,INDIAN
B08,100,BOWLER,100,"ISHANT SHARMA",7,NULL,https://bcciplayerimages.s3.ap-south-1.amazonaws.com/ipl/IPLHeadshot2023/50.png,https://masterplacestats.s3.ap-south-1.amazonaws.com/Bowler/8B.jpg,INDIAN
B09,100,BOWLER,100,"MUKESH KUMAR",7,NULL,https://bcciplayerimages.s3.ap-south-1.amazonaws.com/ipl/IPLHeadshot2023/1462.png,https://masterplacestats.s3.ap-south-1.amazonaws.com/Bowler/9B.jpg,INDIAN
B10,100,BOWLER,100,"JAYANT YADAV",6,NULL,https://bcciplayerimages.s3.ap-south-1.amazonaws.com/ipl/IPLHeadshot2023/165.png,https://masterplacestats.s3.ap-south-1.amazonaws.com/Bowler/10B.jpg,INDIAN
B11,200,BOWLER,1950,"MOHAMMED SHAMI",11,CSK,https://bcciplayerimages.s3.ap-south-1.amazonaws.com/ipl/IPLHeadshot2023/47.png,https://masterplacestats.s3.ap-south-1.amazonaws.com/Bowler/11B.jpg,INDIAN
B12,100,BOWLER,100,"KARTIK TYAGI",5,NULL,https://cricclubs.com/documentsRep/profilePics/57c0be21-bbbb-45c4-bcd1-a35c207be566.png,https://masterplacestats.s3.ap-south-1.amazonaws.com/Bowler/12B.jpg,INDIAN
B13,100,BOWLER,220,"SAI KISHORE",10,RR,https://bcciplayerimages.s3.ap-south-1.amazonaws.com/ipl/IPLHeadshot2023/544.png,https://masterplacestats.s3.ap-south-1.amazonaws.com/Bowler/13B.jpg,INDIAN
B14,100,BOWLER,100,"UMESH YADAV",9,NULL,https://blr1.vultrobjects.com/crickpro/static/118688/user/umeyl2fKVbOA2mFPEPlQehK7PCQy6xUHXw1vQZGg.jpg,https://masterplacestats.s3.ap-south-1.amazonaws.com/Bowler/14B.jpg,INDIAN
B15,100,BOWLER,100,"MOHIT SHARMA",11,CSK,https://bcciplayerimages.s3.ap-south-1.amazonaws.com/ipl/IPLHeadshot2023/100.png,https://masterplacestats.s3.ap-south-1.amazonaws.com/Bowler/15B.jpg,INDIAN
B16,100,BOWLER,100,"SUYASH SHARMA",6,NULL,https://bcciplayerimages.s3.ap-south-1.amazonaws.com/ipl/IPLHeadshot2023/1932.png,https://masterplacestats.s3.ap-south-1.amazonaws.com/Bowler/16B.jpg,INDIAN
B17,100,BOWLER,100,"VAIBHAV ARORA",5,NULL,https://bcciplayerimages.s3.ap-south-1.amazonaws.com/ipl/IPLHeadshot2023/583.png,https://masterplacestats.s3.ap-south-1.amazonaws.com/Bowler/17B.jpg,INDIAN
B18,100,BOWLER,240,"VARUN CHAKARAVARTHY",10,RCB,https://bcciplayerimages.s3.ap-south-1.amazonaws.com/ipl/IPLHeadshot2023/140.png,https://masterplacestats.s3.ap-south-1.amazonaws.com/Bowler/18B.jpg,INDIAN
B19,100,BOWLER,100,"CHETAN SAKARIYA",7,NULL,https://cdn.iplbetonline.in/wp-content/uploads/2023/04/11062-780x780.png,https://masterplacestats.s3.ap-south-1.amazonaws.com/Bowler/19B.jpg,INDIAN
B20,100,BOWLER,100,"SHIVAM MAVI",7,NULL,"https://img1.hscicdn.com/image/upload/f_auto,t_ds_square_w_320,q_50/lsci/db/PICTURES/CMS/341000/341042.png",https://masterplacestats.s3.ap-south-1.amazonaws.com/Bowler/20B.jpg,INDIAN
B21,100,BOWLER,100,"M SIDDHARTH",5,NULL,https://bcciplayerimages.s3.ap-south-1.amazonaws.com/playerheadshot/ipl/284/7119.png,https://masterplacestats.s3.ap-south-1.amazonaws.com/Bowler/21B.jpg,INDIAN
B22,100,BOWLER,100,"AMIT MISHRA",10,NULL,https://bcciplayerimages.s3.ap-south-1.amazonaws.com/ipl/IPLHeadshot2023/107.png,https://masterplacestats.s3.ap-south-1.amazonaws.com/Bowler/22B.jpg,INDIAN
B23,100,BOWLER,180,"RAVI BISHNOI",10,PBKS,https://bcciplayerimages.s3.ap-south-1.amazonaws.com/ipl/IPLHeadshot2023/520.png,https://masterplacestats.s3.ap-south-1.amazonaws.com/Bowler/23B.jpg,INDIAN
B24,100,BOWLER,100,"YASH TAKUR",9,NULL,https://bcciplayerimages.s3.ap-south-1.amazonaws.com/ipl/IPLHeadshot2023/1550.png,https://masterplacestats.s3.ap-south-1.amazonaws.com/Bowler/24B.jpg,INDIAN
B25,100,BOWLER,100,"MOHSIN KHAN",9,NULL,https://bcciplayerimages.s3.ap-south-1.amazonaws.com/ipl/IPLHeadshot2023/541.png,https://masterplacestats.s3.ap-south-1.amazonaws.com/Bowler/25B.jpg,INDIAN
B26,200,BOWLER,2000,"JASPRIT BUMRAH",12,RCB,https://cdn.iplbetonline.in/wp-content/uploads/2023/04/1124-780x780.png,https://masterplacestats.s3.ap-south-1.amazonaws.com/Bowler/26B.jpg,INDIAN
B27,100,BOWLER,100,"KUMAR KARTHIKEYA",6,NULL,https://bcciplayerimages.s3.ap-south-1.amazonaws.com/ipl/IPLHeadshot2023/1015.png,https://masterplacestats.s3.ap-south-1.amazonaws.com/Bowler/27B.jpg,INDIAN
B28,200,BOWLER,460,"PIYUSH CHAWLA",11,MI,https://bcciplayerimages.s3.ap-south-1.amazonaws.com/ipl/IPLHeadshot2023/149.png,https://masterplacestats.s3.ap-south-1.amazonaws.com/Bowler/28B.jpg,INDIAN
B29,100,BOWLER,100,"AKASH MADWAL",7,NULL,https://assets.iplt20.com/ipl/IPLHeadshot2022/20681.png,https://masterplacestats.s3.ap-south-1.amazonaws.com/Bowler/29B.jpg,INDIAN
B30,100,BOWLER,100,"SHREYAS GOPAL",8,NULL,https://bcciplayerimages.s3.ap-south-1.amazonaws.com/playerheadshot/ipl/284/1748.png,https://masterplacestats.s3.ap-south-1.amazonaws.com/Bowler/30B.jpg,INDIAN
B31,100,BOWLER,100,"HARPREET BRAR",7,NULL,https://bcciplayerimages.s3.ap-south-1.amazonaws.com/ipl/IPLHeadshot2023/130.png,https://masterplacestats.s3.ap-south-1.amazonaws.com/Bowler/31B.jpg,INDIAN
B32,200,BOWLER,320,"ARSHDEEP SINGH",9,SRH,https://bcciplayerimages.s3.ap-south-1.amazonaws.com/ipl/IPLHeadshot2023/125.png,https://masterplacestats.s3.ap-south-1.amazonaws.com/Bowler/32B.jpg,INDIAN
B33,100,BOWLER,160,"RAHUL CHAHAR",9,KKR,https://bcciplayerimages.s3.ap-south-1.amazonaws.com/ipl/IPLHeadshot2023/171.png,https://masterplacestats.s3.ap-south-1.amazonaws.com/Bowler/33B.jpg,INDIAN
B34,200,BOWLER,360,"HARSHAL PATEL",10,RCB,https://bcciplayerimages.s3.ap-south-1.amazonaws.com/playerheadshot/ipl/284/157.png,https://masterplacestats.s3.ap-south-1.amazonaws.com/Bowler/34B.jpg,INDIAN
B35,100,BOWLER,100,"AVESH KHAN",8,NULL,https://cdn.iplbetonline.in/wp-content/uploads/2023/04/109-780x780.png,https://masterplacestats.s3.ap-south-1.amazonaws.com/Bowler/35B.jpg,INDIAN
B36,100,BOWLER,100,"KULDEEP SEN",5,NULL,https://bcciplayerimages.s3.ap-south-1.amazonaws.com/ipl/IPLHeadshot2023/1005.png,https://masterplacestats.s3.ap-south-1.amazonaws.com/Bowler/36B.jpg,INDIAN
B37,100,BOWLER,100,"NAVDEEP SAINI",5,NULL,https://bcciplayerimages.s3.ap-south-1.amazonaws.com/ipl/IPLHeadshot2023/207.png,https://masterplacestats.s3.ap-south-1.amazonaws.com/Bowler/37B.jpg,INDIAN
B38,100,BOWLER,100,"PRASIDH KRISHNA",8,NULL,https://www.mykhel.com/thumb/247x100x233/cricket/players/3/11993.1671619388.jpg,https://masterplacestats.s3.ap-south-1.amazonaws.com/Bowler/38B.jpg,INDIAN
B39,100,BOWLER,100,"SANDEEP SHARMA",10,CSK,https://bcciplayerimages.s3.ap-south-1.amazonaws.com/ipl/IPLHeadshot2023/220.png,https://masterplacestats.s3.ap-south-1.amazonaws.com/Bowler/39B.jpg,INDIAN
B40,200,BOWLER,1700,"YUZVENDRA CHAHAL",13,RR,https://bcciplayerimages.s3.ap-south-1.amazonaws.com/ipl/IPLHeadshot2023/10.png,https://masterplacestats.s3.ap-south-1.amazonaws.com/Bowler/40B.jpg,INDIAN
B41,100,BOWLER,100,"KARN SHARMA",9,NULL,https://bcciplayerimages.s3.ap-south-1.amazonaws.com/ipl/IPLHeadshot2023/98.png,https://masterplacestats.s3.ap-south-1.amazonaws.com/Bowler/41B.jpg,INDIAN
B42,100,BOWLER,100,"AKASH DEEP",9,NULL,https://bcciplayerimages.s3.ap-south-1.amazonaws.com/ipl/IPLHeadshot2023/1007.png,https://masterplacestats.s3.ap-south-1.amazonaws.com/Bowler/42B.jpg,INDIAN
B43,200,BOWLER,240,"MOHAMMED SIRAJ",9,KKR,https://bcciplayerimages.s3.ap-south-1.amazonaws.com/ipl/IPLHeadshot2023/63.png,https://masterplacestats.s3.ap-south-1.amazonaws.com/Bowler/43B.jpg,INDIAN
B44,100,BOWLER,100,"YASH DAYAL",6,NULL,https://bcciplayerimages.s3.ap-south-1.amazonaws.com/ipl/IPLHeadshot2023/978.png,https://masterplacestats.s3.ap-south-1.amazonaws.com/Bowler/44B.jpg,INDIAN
B45,100,BOWLER,100,"VYSHAK VIJAY KUMAR",7,NULL,https://bcciplayerimages.s3.ap-south-1.amazonaws.com/ipl/IPLHeadshot2023/1568.png,https://masterplacestats.s3.ap-south-1.amazonaws.com/Bowler/45B.jpg,INDIAN
B46,100,BOWLER,100,"MAYANK MARKANDE",7,NULL,https://bcciplayerimages.s3.ap-south-1.amazonaws.com/ipl/IPLHeadshot2023/87.png,https://masterplacestats.s3.ap-south-1.amazonaws.com/Bowler/46B.jpg,INDIAN
B47,100,BOWLER,100,"UMRAN MALIK",5,NULL,https://bcciplayerimages.s3.ap-south-1.amazonaws.com/ipl/IPLHeadshot2023/637.png,https://masterplacestats.s3.ap-south-1.amazonaws.com/Bowler/47B.jpg,INDIAN
B48,200,BOWLER,200,"T NATARAJAN",8,NULL,https://bcciplayerimages.s3.ap-south-1.amazonaws.com/ipl/IPLHeadshot2023/224.png,https://masterplacestats.s3.ap-south-1.amazonaws.com/Bowler/48B.jpg,INDIAN
B49,100,BOWLER,100,"JAYDEV UNADKAT",8,NULL,https://www.mykhel.com/thumb/220x100x220/cricket/players/8/4768.1680521067.jpg,https://masterplacestats.s3.ap-south-1.amazonaws.com/Bowler/49B.jpg,INDIAN
B50,200,BOWLER,1250,"BHUVNESHWAR KUMAR",11,GT,https://bcciplayerimages.s3.ap-south-1.amazonaws.com/ipl/IPLHeadshot2023/15.png,https://masterplacestats.s3.ap-south-1.amazonaws.com/Bowler/50B.jpg,INDIAN
B51,200,BOWLER,360,"MUSTAFIZUR RAHMAN",6,MI,https://assets.iplt20.com/ipl/IPLHeadshot2022/1594.png,https://masterplacestats.s3.ap-south-1.amazonaws.com/Bowler/51B.jpg,OVERSEAS
B52,100,BOWLER,480,"MAHEESH THEEKSHANA",8,PBKS,https://bcciplayerimages.s3.ap-south-1.amazonaws.com/ipl/IPLHeadshot2023/629.png,https://masterplacestats.s3.ap-south-1.amazonaws.com/Bowler/52B.jpg,OVERSEAS
B53,200,BOWLER,300,"MATHEESHA PATHIRANA",10,LSG,https://bcciplayerimages.s3.ap-south-1.amazonaws.com/ipl/IPLHeadshot2023/1014.png,https://masterplacestats.s3.ap-south-1.amazonaws.com/Bowler/53B.jpg,OVERSEAS
B54,200,BOWLER,380,"ANRICH NORTJE",9,RCB,https://bcciplayerimages.s3.ap-south-1.amazonaws.com/ipl/IPLHeadshot2023/142.png,https://masterplacestats.s3.ap-south-1.amazonaws.com/Bowler/54B.jpg,OVERSEAS
B55,200,BOWLER,360,"LUNGI NGIDI",9,GT,https://bcciplayerimages.s3.ap-south-1.amazonaws.com/ipl/IPLHeadshot2023/99.png,https://masterplacestats.s3.ap-south-1.amazonaws.com/Bowler/55B.jpg,OVERSEAS
B56,200,BOWLER,200,"JYLE RICHARDSON",7,NULL,https://bcciplayerimages.s3.ap-south-1.amazonaws.com/ipl/IPLHeadshot2023/59.png,https://masterplacestats.s3.ap-south-1.amazonaws.com/Bowler/56B.jpg,OVERSEAS
B57,200,BOWLER,200,"SPENCER JOHNSON",8,NULL,https://www.lakriders.us/static-assets/images/players/67778.png?v=1.18,https://masterplacestats.s3.ap-south-1.amazonaws.com/Bowler/57B.jpg,OVERSEAS
B58,100,BOWLER,340,"NOOR AHMED",10,DC,https://bcciplayerimages.s3.ap-south-1.amazonaws.com/ipl/IPLHeadshot2023/975.png,https://masterplacestats.s3.ap-south-1.amazonaws.com/Bowler/58B.jpg,OVERSEAS
B59,100,BOWLER,100,"JOSHUA LITTLE",6,NULL,https://bcciplayerimages.s3.ap-south-1.amazonaws.com/ipl/IPLHeadshot2023/678.png,https://masterplacestats.s3.ap-south-1.amazonaws.com/Bowler/59B.jpg,OVERSEAS
B60,200,BOWLER,320,"MUJEEB UR RAHMAN",7,GT,https://www.kkr.in/static-assets/images/players/2020/67540.png?v=5.34&w=200,https://masterplacestats.s3.ap-south-1.amazonaws.com/Bowler/60B.jpg,OVERSEAS
B61,100,BOWLER,100,"GUS ATKINSON",7,NULL,https://www.mykhel.com/thumb/220x100x220/cricket/players/0/11970.1696307174.jpg,https://masterplacestats.s3.ap-south-1.amazonaws.com/Bowler/61B.jpg,OVERSEAS
B62,200,BOWLER,1550,"MITCHELL STARC",11,DC,"https://img1.hscicdn.com/image/upload/f_auto,t_ds_square_w_320,q_50/lsci/db/PICTURES/CMS/316600/316644.png",https://masterplacestats.s3.ap-south-1.amazonaws.com/Bowler/62B.jpg,OVERSEAS
B63,200,BOWLER,420,"MARK WOOD",9,KKR,https://bcciplayerimages.s3.ap-south-1.amazonaws.com/ipl/IPLHeadshot2023/315.png,https://masterplacestats.s3.ap-south-1.amazonaws.com/Bowler/63B.jpg,OVERSEAS
B64,100,BOWLER,400,"NAVEEN UL HAQ",8,SRH,https://bcciplayerimages.s3.ap-south-1.amazonaws.com/ipl/IPLHeadshot2023/639.png,https://masterplacestats.s3.ap-south-1.amazonaws.com/Bowler/64B.jpg,OVERSEAS
B65,100,BOWLER,100,"SHAMAR JOSEPH",5,NULL,https://static-files.cricket-australia.pulselive.com/headshots/288/11464-camedia.png,https://masterplacestats.s3.ap-south-1.amazonaws.com/Bowler/65B.jpg,OVERSEAS
B66,200,BOWLER,200,"JASON BEHRENDORFF",7,NULL,https://bcciplayerimages.s3.ap-south-1.amazonaws.com/ipl/IPLHeadshot2023/4.png,https://masterplacestats.s3.ap-south-1.amazonaws.com/Bowler/66B.jpg,OVERSEAS
B67,100,BOWLER,100,"DILSHAN MADUSHANKA",6,NULL,"https://img1.hscicdn.com/image/upload/f_auto,t_ds_square_w_320,q_50/lsci/db/PICTURES/CMS/348600/348600.png",https://masterplacestats.s3.ap-south-1.amazonaws.com/Bowler/67B.jpg,OVERSEAS
B68,100,BOWLER,100,"NUWAN THUSHARA",6,NULL,https://static-files.cricket-australia.pulselive.com/headshots/440/8645-camedia.png,https://masterplacestats.s3.ap-south-1.amazonaws.com/Bowler/68B.jpg,OVERSEAS
B69,200,BOWLER,550,"KAGISO RABADA",11,CSK,https://bcciplayerimages.s3.ap-south-1.amazonaws.com/ipl/IPLHeadshot2023/116.png,https://masterplacestats.s3.ap-south-1.amazonaws.com/Bowler/69B.jpg,OVERSEAS
B70,100,BOWLER,100,"NATHAN ELLIS",8,NULL,https://bcciplayerimages.s3.ap-south-1.amazonaws.com/ipl/IPLHeadshot2023/633.png,https://masterplacestats.s3.ap-south-1.amazonaws.com/Bowler/70B.jpg,OVERSEAS
B71,200,BOWLER,550,"TRENT BOULT",10,SRH,https://bcciplayerimages.s3.ap-south-1.amazonaws.com/ipl/IPLHeadshot2023/66.png,https://masterplacestats.s3.ap-south-1.amazonaws.com/Bowler/71B.jpg,OVERSEAS
B72,200,BOWLER,460,"ADAM ZAMPA",10,RR,https://bcciplayerimages.s3.ap-south-1.amazonaws.com/ipl/IPLHeadshot2023/24.png,https://masterplacestats.s3.ap-south-1.amazonaws.com/Bowler/72B.jpg,OVERSEAS
B73,200,BOWLER,200,"NANDRE BURGER",6,NULL,https://www.rajasthanroyals.com/static-assets/images/players/66195.png?v=5.97,https://masterplacestats.s3.ap-south-1.amazonaws.com/Bowler/73B.jpg,OVERSEAS
B74,100,BOWLER,100,"ALZARRI JOSEPH",7,NULL,https://img1.hscicdn.com/image/upload/f_auto/lsci/db/PICTURES/CMS/321900/321943.png,https://masterplacestats.s3.ap-south-1.amazonaws.com/Bowler/74B.jpg,OVERSEAS
B75,200,BOWLER,380,"LOCKIE FERGUSON",7,MI,"https://img1.hscicdn.com/image/upload/f_auto,t_ds_square_w_640,q_50/lsci/db/PICTURES/CMS/321200/321239.png",https://masterplacestats.s3.ap-south-1.amazonaws.com/Bowler/75B.jpg,OVERSEAS
B76,200,BOWLER,200,"TOM CURRAN",6,NULL,"https://img1.hscicdn.com/image/upload/f_auto,t_ds_square_w_320,q_50/lsci/db/PICTURES/CMS/323100/323112.png",https://masterplacestats.s3.ap-south-1.amazonaws.com/Bowler/76B.jpg,OVERSEAS
B77,100,BOWLER,100,"REECE TOPLEY",8,NULL,https://bcciplayerimages.s3.ap-south-1.amazonaws.com/ipl/IPLHeadshot2023/574.png,https://masterplacestats.s3.ap-south-1.amazonaws.com/Bowler/77B.jpg,OVERSEAS
B78,100,BOWLER,100,"FAZALHAQ FAROOQI",9,NULL,https://bcciplayerimages.s3.ap-south-1.amazonaws.com/ipl/IPLHeadshot2023/1011.png,https://masterplacestats.s3.ap-south-1.amazonaws.com/Bowler/78B.jpg,OVERSEAS
B79,200,BOWLER,700,"PAT CUMMINS",10,LSG,https://static-files.cricket-australia.pulselive.com/headshots/440/1149-camedia.png,https://masterplacestats.s3.ap-south-1.amazonaws.com/Bowler/79B.jpg,OVERSEAS
B80,100,BOWLER,460,"JOSH HAZLEWOOD",9,RR,https://m.media-amazon.com/images/M/MV5BOGE2YTFmNGEtM2U3MS00ZDlmLWEzZTItMGQ4NTM1ZWM3MjgzXkEyXkFqcGdeQXVyOTAyMDgxODQ@._V1_.jpg,https://masterplacestats.s3.ap-south-1.amazonaws.com/Bowler/80B.jpg,OVERSEAS
C01,200,ALLROUNDER,2050,"RAVINDRA JADEJA",11,PBKS,https://bcciplayerimages.s3.ap-south-1.amazonaws.com/ipl/IPLHeadshot2023/46.png,https://masterplacestats.s3.ap-south-1.amazonaws.com/All-Rounder/1C.jpg,INDIAN
C02,100,ALLROUNDER,500,"SHIVAM DUBE",9,RR,https://bcciplayerimages.s3.ap-south-1.amazonaws.com/ipl/IPLHeadshot2023/211.png,https://masterplacestats.s3.ap-south-1.amazonaws.com/All-Rounder/2C.jpg,INDIAN
C03,100,ALLROUNDER,460,"SHARDUL THAKUR",9,RR,"https://img1.hscicdn.com/image/upload/f_auto,t_ds_square_w_320,q_50/lsci/db/PICTURES/CMS/322600/322696.png",https://masterplacestats.s3.ap-south-1.amazonaws.com/All-Rounder/3C.jpg,INDIAN
C04,200,ALLROUNDER,400,"AXAR PATEL",9,RR,https://bcciplayerimages.s3.ap-south-1.amazonaws.com/ipl/IPLHeadshot2023/110.png,https://masterplacestats.s3.ap-south-1.amazonaws.com/All-Rounder/4C.jpg,INDIAN
C05,100,ALLROUNDER,100,"LALIT YADAV",5,NULL,https://bcciplayerimages.s3.ap-south-1.amazonaws.com/ipl/IPLHeadshot2023/538.png,https://masterplacestats.s3.ap-south-1.amazonaws.com/All-Rounder/5C.jpg,INDIAN
C06,100,ALLROUNDER,100,"ABHINAV MANOHAR",5,NULL,https://bcciplayerimages.s3.ap-south-1.amazonaws.com/ipl/IPLHeadshot2023/974.png,https://masterplacestats.s3.ap-south-1.amazonaws.com/All-Rounder/6C.jpg,INDIAN
C07,100,ALLROUNDER,300,"VIJAY SHANKAR",8,PBKS,https://bcciplayerimages.s3.ap-south-1.amazonaws.com/ipl/IPLHeadshot2023/61.png,https://masterplacestats.s3.ap-south-1.amazonaws.com/All-Rounder/7C.jpg,INDIAN
C08,100,ALLROUNDER,500,"SHAHRUKH KHAN",7,MI,https://encrypted-tbn0.gstatic.com/images?q=tbn:ANd9GcTIpmWAgle4GionZFKFxkMGVA3Lmi1FXrZPZg&usqp=CAU,https://masterplacestats.s3.ap-south-1.amazonaws.com/All-Rounder/8C.jpg,INDIAN
C09,100,ALLROUNDER,420,"RAHUL TEWATIA",9,SRH,https://bcciplayerimages.s3.ap-south-1.amazonaws.com/ipl/IPLHeadshot2023/120.png,https://masterplacestats.s3.ap-south-1.amazonaws.com/All-Rounder/9C.jpg,INDIAN
C10,100,ALLROUNDER,100,"ANUKUL ROY",7,NULL,https://bcciplayerimages.s3.ap-south-1.amazonaws.com/ipl/IPLHeadshot2023/160.png,https://masterplacestats.s3.ap-south-1.amazonaws.com/All-Rounder/10C.jpg,INDIAN
C11,100,ALLROUNDER,340,"VENKATESH IYER",7,LSG,https://bcciplayerimages.s3.ap-south-1.amazonaws.com/ipl/IPLHeadshot2023/584.png,https://masterplacestats.s3.ap-south-1.amazonaws.com/All-Rounder/11C.jpg,INDIAN
C12,100,ALLROUNDER,340,"KRISHNAPPA GOWTHAM",8,KKR,https://bcciplayerimages.s3.ap-south-1.amazonaws.com/ipl/IPLHeadshot2023/179.png,https://masterplacestats.s3.ap-south-1.amazonaws.com/All-Rounder/12C.jpg,INDIAN
C13,100,ALLROUNDER,400,"KRUNAL PANDYA",9,SRH,https://bcciplayerimages.s3.ap-south-1.amazonaws.com/ipl/IPLHeadshot2023/17.png,https://masterplacestats.s3.ap-south-1.amazonaws.com/All-Rounder/13C.jpg,INDIAN
C14,100,ALLROUNDER,100,"ARSHIN KULKARNI",5,NULL,"https://img1.hscicdn.com/image/upload/f_auto,t_ds_square_w_480,q_50/lsci/db/PICTURES/CMS/372400/372493.10.jpg",https://masterplacestats.s3.ap-south-1.amazonaws.com/All-Rounder/14C.jpg,INDIAN
C15,100,ALLROUNDER,100,"ARJUN TENDULKAR",5,NULL,https://bcciplayerimages.s3.ap-south-1.amazonaws.com/ipl/IPLHeadshot2023/585.png,https://masterplacestats.s3.ap-south-1.amazonaws.com/All-Rounder/15C.jpg,INDIAN
C16,100,ALLROUNDER,280,"NEHAL WADHERA",6,KKR,https://bcciplayerimages.s3.ap-south-1.amazonaws.com/ipl/IPLHeadshot2023/1541.png,https://masterplacestats.s3.ap-south-1.amazonaws.com/All-Rounder/16C.jpg,INDIAN
C17,200,ALLROUNDER,2350,"HARDIK PANDYA",11,DC,https://encrypted-tbn0.gstatic.com/images?q=tbn:ANd9GcT8g7KsNMkhAeaKZk5wxGNdJfdP95ASw7gOoA&usqp=CAU,https://masterplacestats.s3.ap-south-1.amazonaws.com/All-Rounder/17C.jpg,INDIAN
C18,100,ALLROUNDER,100,"ATHARVA TAIDE",5,NULL,https://bcciplayerimages.s3.ap-south-1.amazonaws.com/ipl/IPLHeadshot2023/1001.png,https://masterplacestats.s3.ap-south-1.amazonaws.com/All-Rounder/18C.jpg,INDIAN
C19,100,ALLROUNDER,100,"RISHI DHAWAN",7,NULL,https://bcciplayerimages.s3.ap-south-1.amazonaws.com/ipl/IPLHeadshot2023/996.png,https://masterplacestats.s3.ap-south-1.amazonaws.com/All-Rounder/19C.jpg,INDIAN
C20,200,ALLROUNDER,420,"RAVICHANDRAN ASHWIN",9,SRH,https://bcciplayerimages.s3.ap-south-1.amazonaws.com/ipl/IPLHeadshot2023/45.png,https://masterplacestats.s3.ap-south-1.amazonaws.com/All-Rounder/20C.jpg,INDIAN
C21,100,ALLROUNDER,280,"MAHIPAL LOMROR",7,GT,https://bcciplayerimages.s3.ap-south-1.amazonaws.com/ipl/IPLHeadshot2023/184.png,https://masterplacestats.s3.ap-south-1.amazonaws.com/All-Rounder/21C.jpg,INDIAN
C22,100,ALLROUNDER,200,"MAYANK DAGAR",8,GT,https://www.mykhel.com/thumb/220x100x220/cricket/players/3/8233.1680520378.jpg,https://masterplacestats.s3.ap-south-1.amazonaws.com/All-Rounder/22C.jpg,INDIAN
C23,100,ALLROUNDER,260,"ABHISHEK SHARMA",8,RCB,https://bcciplayerimages.s3.ap-south-1.amazonaws.com/ipl/IPLHeadshot2023/212.png,https://masterplacestats.s3.ap-south-1.amazonaws.com/All-Rounder/23C.jpg,INDIAN
C24,100,ALLROUNDER,400,"WASHINGTON SUNDAR",8,MI,https://bcciplayerimages.s3.ap-south-1.amazonaws.com/ipl/IPLHeadshot2023/20.png,https://masterplacestats.s3.ap-south-1.amazonaws.com/All-Rounder/24C.jpg,INDIAN
C25,100,ALLROUNDER,100,"SHAHBAZ AHAMAD",6,NULL,https://e8h4f7q7.rocketcdn.me/wp-content/uploads/2022/04/Shahbaz-Ahmed-Biography-768x768.jpg,https://masterplacestats.s3.ap-south-1.amazonaws.com/All-Rounder/25C.jpg,INDIAN
C26,100,ALLROUNDER,100,"MITCHELL SANTNER",8,PBKS,https://bcciplayerimages.s3.ap-south-1.amazonaws.com/ipl/IPLHeadshot2023/75.png,https://masterplacestats.s3.ap-south-1.amazonaws.com/All-Rounder/26C.jpg,OVERSEAS
C27,100,ALLROUNDER,1500,"MOEEN ALI",11,LSG,https://bcciplayerimages.s3.ap-south-1.amazonaws.com/ipl/IPLHeadshot2023/206.png,https://masterplacestats.s3.ap-south-1.amazonaws.com/All-Rounder/27C.jpg,OVERSEAS
C28,200,ALLROUNDER,260,"RACHIN RAVINDRA",8,DC,https://thelocalbrief.com/wp-content/uploads/2023/10/rachin-ravindra.png,https://masterplacestats.s3.ap-south-1.amazonaws.com/All-Rounder/28C.jpg,OVERSEAS
C29,200,ALLROUNDER,200,"DARYL MITCHELL",9,CSK,https://encrypted-tbn0.gstatic.com/images?q=tbn:ANd9GcT8bF6ZBLbtF5ILbwpke9Otb732PK96g7VJ4A&usqp=CAU,https://masterplacestats.s3.ap-south-1.amazonaws.com/All-Rounder/29C.jpg,OVERSEAS
C30,200,ALLROUNDER,200,"MITCHELL MARSH",9,NULL,https://bcciplayerimages.s3.ap-south-1.amazonaws.com/ipl/IPLHeadshot2023/40.png,https://masterplacestats.s3.ap-south-1.amazonaws.com/All-Rounder/30C.jpg,OVERSEAS
C31,100,ALLROUNDER,100,"AZMATULLAH OMARZAI",7,NULL,https://static-files.cricket-australia.pulselive.com/headshots/440/4203-camedia.png,https://masterplacestats.s3.ap-south-1.amazonaws.com/All-Rounder/31C.jpg,OVERSEAS
C32,200,ALLROUNDER,2150,"RASHID KHAN",13,GT,https://bcciplayerimages.s3.ap-south-1.amazonaws.com/ipl/IPLHeadshot2023/218.png,https://masterplacestats.s3.ap-south-1.amazonaws.com/All-Rounder/32C.jpg,OVERSEAS
C33,100,ALLROUNDER,1450,"ANDRE RUSSEL",12,CSK,https://bcciplayerimages.s3.ap-south-1.amazonaws.com/ipl/IPLHeadshot2023/141.png,https://masterplacestats.s3.ap-south-1.amazonaws.com/All-Rounder/33C.jpg,OVERSEAS
C34,100,ALLROUNDER,100,"SUNIL NARINE",11,MI,https://bcciplayerimages.s3.ap-south-1.amazonaws.com/ipl/IPLHeadshot2023/156.png,https://masterplacestats.s3.ap-south-1.amazonaws.com/All-Rounder/34C.jpg,OVERSEAS
C35,100,ALLROUNDER,220,"KYLE MAYERS",8,DC,https://bcciplayerimages.s3.ap-south-1.amazonaws.com/ipl/IPLHeadshot2023/726.png,https://masterplacestats.s3.ap-south-1.amazonaws.com/All-Rounder/35C.jpg,OVERSEAS
C36,100,ALLROUNDER,220,"MARCUS STOINIS",10,CSK,https://bcciplayerimages.s3.ap-south-1.amazonaws.com/ipl/IPLHeadshot2023/23.png,https://masterplacestats.s3.ap-south-1.amazonaws.com/All-Rounder/36C.jpg,OVERSEAS
C37,100,ALLROUNDER,100,"DAVID WILLEY",7,NULL,"https://img1.hscicdn.com/image/upload/f_auto,t_ds_square_w_320,q_50/lsci/db/PICTURES/CMS/322900/322904.png",https://masterplacestats.s3.ap-south-1.amazonaws.com/All-Rounder/37C.jpg,OVERSEAS
C38,100,ALLROUNDER,100,"MOHAMMAD NABI",9,NULL,"https://img1.hscicdn.com/image/upload/f_auto,t_ds_square_w_320,q_50/lsci/db/PICTURES/CMS/316500/316558.png",https://masterplacestats.s3.ap-south-1.amazonaws.com/All-Rounder/38C.jpg,OVERSEAS
C39,100,ALLROUNDER,100,"ROMARIO SHEPHERD",7,NULL,https://www.mykhel.com/thumb/247x100x233/cricket/players/8/11908.jpg,https://masterplacestats.s3.ap-south-1.amazonaws.com/All-Rounder/39C.jpg,OVERSEAS
C40,100,ALLROUNDER,100,"GERALD COETZEE",9,KKR,"https://img1.hscicdn.com/image/upload/f_auto,t_ds_square_w_320,q_50/lsci/db/PICTURES/CMS/348500/348579.png",https://masterplacestats.s3.ap-south-1.amazonaws.com/All-Rounder/40C.jpg,OVERSEAS
C41,200,ALLROUNDER,260,"LIAM LIVINGSTON",9,LSG,https://bcciplayerimages.s3.ap-south-1.amazonaws.com/ipl/IPLHeadshot2023/183.png,https://masterplacestats.s3.ap-south-1.amazonaws.com/All-Rounder/41C.jpg,OVERSEAS
C42,100,ALLROUNDER,100,"CHRIS WOAKES",8,NULL,"https://img1.hscicdn.com/image/upload/f_auto,t_ds_square_w_320,q_50/lsci/db/PICTURES/CMS/316600/316603.png",https://masterplacestats.s3.ap-south-1.amazonaws.com/All-Rounder/42C.jpg,OVERSEAS
C43,100,ALLROUNDER,100,"SIKANDAR RAZA",9,NULL,https://bcciplayerimages.s3.ap-south-1.amazonaws.com/ipl/IPLHeadshot2023/820.png,https://masterplacestats.s3.ap-south-1.amazonaws.com/All-Rounder/43C.jpg,OVERSEAS
C44,200,ALLROUNDER,200,"SAM CURRAN",9,LSG,https://bcciplayerimages.s3.ap-south-1.amazonaws.com/ipl/IPLHeadshot2023/138.png,https://masterplacestats.s3.ap-south-1.amazonaws.com/All-Rounder/44C.jpg,OVERSEAS
C45,200,ALLROUNDER,380,"GLENN MAXWELL",11,RCB,https://bcciplayerimages.s3.ap-south-1.amazonaws.com/ipl/IPLHeadshot2023/28.png,https://masterplacestats.s3.ap-south-1.amazonaws.com/All-Rounder/45C.jpg,OVERSEAS
C46,200,ALLROUNDER,240,"CAMERON GREEN",9,DC,https://bcciplayerimages.s3.ap-south-1.amazonaws.com/ipl/IPLHeadshot2023/550.png,https://masterplacestats.s3.ap-south-1.amazonaws.com/All-Rounder/46C.jpg,OVERSEAS
C47,200,ALLROUNDER,200,"MARCO JANSEN",8,NULL,https://bcciplayerimages.s3.ap-south-1.amazonaws.com/ipl/IPLHeadshot2023/586.png,https://masterplacestats.s3.ap-south-1.amazonaws.com/All-Rounder/47C.jpg,OVERSEAS
C48,200,ALLROUNDER,200,"WANINDU HASARANGA",8,SRH,"https://img1.hscicdn.com/image/upload/f_auto,t_ds_square_w_320,q_50/lsci/db/PICTURES/CMS/322900/322946.png",https://masterplacestats.s3.ap-south-1.amazonaws.com/All-Rounder/48C.jpg,OVERSEAS
C49,100,ALLROUNDER,240,"SHAKIB AL HASAN",9,KKR,"https://img1.hscicdn.com/image/upload/f_auto,t_ds_square_w_320,q_50/lsci/db/PICTURES/CMS/316500/316581.png",https://masterplacestats.s3.ap-south-1.amazonaws.com/All-Rounder/49C.jpg,OVERSEAS
C50,100,ALLROUNDER,100,"BAS DE LEEDE",7,NULL,https://img1.hscicdn.com/image/upload/f_auto/lsci/db/PICTURES/CMS/322600/322637.png,https://masterplacestats.s3.ap-south-1.amazonaws.com/All-Rounder/50C.jpg,OVERSEAS
D01,200,WICKETKEEPER,3300,"M S DHONI",12,KKR,https://bcciplayerimages.s3.ap-south-1.amazonaws.com/ipl/IPLHeadshot2023/57.png,https://masterplacestats.s3.ap-south-1.amazonaws.com/Wicketkeeper/1D.jpg,INDIAN
D02,100,WICKETKEEPER,100,"AVANISH RAO ARAVELLY",5,NULL,https://onlineprosess.com/wp-content/uploads/2023/12/410288882_740592950752753_688150773467046317_n.jpg,https://masterplacestats.s3.ap-south-1.amazonaws.com/Wicketkeeper/2D.jpg,INDIAN
D03,200,WICKETKEEPER,1700,"RISHABH PANT",10,GT,"https://img1.hscicdn.com/image/upload/f_auto,t_ds_square_w_320,q_50/lsci/db/PICTURES/CMS/323000/323036.png",https://masterplacestats.s3.ap-south-1.amazonaws.com/Wicketkeeper/3D.jpg,INDIAN
D04,100,WICKETKEEPER,100,"ABISHEK POREL",6,NULL,https://bcciplayerimages.s3.ap-south-1.amazonaws.com/ipl/IPLHeadshot2023/1580.png,https://masterplacestats.s3.ap-south-1.amazonaws.com/Wicketkeeper/4D.jpg,INDIAN
D05,100,WICKETKEEPER,380,"WRIDDHIMAN SAHA",8,KKR,https://bcciplayerimages.s3.ap-south-1.amazonaws.com/ipl/IPLHeadshot2023/225.png,https://masterplacestats.s3.ap-south-1.amazonaws.com/Wicketkeeper/5D.jpg,INDIAN
D06,100,WICKETKEEPER,100,"K S BHARAT",7,NULL,https://cdn.iplbetonline.in/wp-content/uploads/2023/04/365-780x780.png,https://masterplacestats.s3.ap-south-1.amazonaws.com/Wicketkeeper/6D.jpg,INDIAN
D07,200,WICKETKEEPER,1600,"K L RAHUL",11,DC,https://bcciplayerimages.s3.ap-south-1.amazonaws.com/ipl/IPLHeadshot2023/19.png,https://masterplacestats.s3.ap-south-1.amazonaws.com/Wicketkeeper/7D.jpg,INDIAN
D08,100,WICKETKEEPER,400,"ISHAN KISHAN",9,PBKS,https://bcciplayerimages.s3.ap-south-1.amazonaws.com/ipl/IPLHeadshot2023/164.png,https://masterplacestats.s3.ap-south-1.amazonaws.com/Wicketkeeper/8D.jpg,INDIAN
D09,100,WICKETKEEPER,100,"VISHNU VINOD",8,NULL,https://bcciplayerimages.s3.ap-south-1.amazonaws.com/ipl/IPLHeadshot2023/581.png,https://masterplacestats.s3.ap-south-1.amazonaws.com/Wicketkeeper/9D.jpg,INDIAN
D10,100,WICKETKEEPER,100,"JITESH SHARMA",8,NULL,https://bcciplayerimages.s3.ap-south-1.amazonaws.com/ipl/IPLHeadshot2023/1000.png,https://masterplacestats.s3.ap-south-1.amazonaws.com/Wicketkeeper/10D.jpg,INDIAN
D11,100,WICKETKEEPER,400,"SANJU SAMSON",9,CSK,https://bcciplayerimages.s3.ap-south-1.amazonaws.com/ipl/IPLHeadshot2023/190.png,https://masterplacestats.s3.ap-south-1.amazonaws.com/Wicketkeeper/11D.jpg,INDIAN
D12,100,WICKETKEEPER,400,"DHRUV JUREL",8,MI,https://bcciplayerimages.s3.ap-south-1.amazonaws.com/ipl/IPLHeadshot2023/1004.png,https://masterplacestats.s3.ap-south-1.amazonaws.com/Wicketkeeper/12D.jpg,INDIAN
D13,100,WICKETKEEPER,100,"ANUJ RAWAT",5,NULL,https://bcciplayerimages.s3.ap-south-1.amazonaws.com/ipl/IPLHeadshot2023/534.png,https://masterplacestats.s3.ap-south-1.amazonaws.com/Wicketkeeper/13D.jpg,INDIAN
D14,100,WICKETKEEPER,1700,"DINESH KARTHIK",11,LSG,https://bcciplayerimages.s3.ap-south-1.amazonaws.com/ipl/IPLHeadshot2023/13.png,https://masterplacestats.s3.ap-south-1.amazonaws.com/Wicketkeeper/14D.jpg,INDIAN
D15,100,WICKETKEEPER,100,"KEDAR JADHAV",6,DC,https://bcciplayerimages.s3.ap-south-1.amazonaws.com/playerheadshot/ipl/284/297.png,https://masterplacestats.s3.ap-south-1.amazonaws.com/Wicketkeeper/15D.jpg,INDIAN
D16,100,WICKETKEEPER,440,"DEVON CONVEY",9,RR,https://bcciplayerimages.s3.ap-south-1.amazonaws.com/ipl/IPLHeadshot2023/601.png,https://masterplacestats.s3.ap-south-1.amazonaws.com/Wicketkeeper/16D.jpg,OVERSEAS
D17,100,WICKETKEEPER,100,"SHAI HOPE",5,NULL,"https://img1.hscicdn.com/image/upload/f_auto,t_ds_square_w_320,q_50/lsci/db/PICTURES/CMS/320100/320122.png",https://masterplacestats.s3.ap-south-1.amazonaws.com/Wicketkeeper/17D.jpg,OVERSEAS
D18,100,WICKETKEEPER,100,"TRISTAN STUBBS",8,NULL,"https://img1.hscicdn.com/image/upload/f_auto,t_ds_square_w_320,q_50/lsci/db/PICTURES/CMS/348500/348577.png",https://masterplacestats.s3.ap-south-1.amazonaws.com/Wicketkeeper/18D.jpg,OVERSEAS
D19,100,WICKETKEEPER,100,"MATTHEW WADE",5,NULL,https://bcciplayerimages.s3.ap-south-1.amazonaws.com/ipl/IPLHeadshot2023/549.png,https://masterplacestats.s3.ap-south-1.amazonaws.com/Wicketkeeper/19D.jpg,OVERSEAS
D20,100,WICKETKEEPER,100,"RAHMANULLAH GURBAZ",6,NULL,https://bcciplayerimages.s3.ap-south-1.amazonaws.com/ipl/IPLHeadshot2023/641.png,https://masterplacestats.s3.ap-south-1.amazonaws.com/Wicketkeeper/20D.jpg,OVERSEAS
D21,200,WICKETKEEPER,360,"QUINTON DE KOCK",9,GT,https://bcciplayerimages.s3.ap-south-1.amazonaws.com/ipl/IPLHeadshot2023/170.png,https://masterplacestats.s3.ap-south-1.amazonaws.com/Wicketkeeper/21D.jpg,OVERSEAS
D22,200,WICKETKEEPER,400,"NICHOLAS POORAN",9,RCB,https://bcciplayerimages.s3.ap-south-1.amazonaws.com/ipl/IPLHeadshot2023/136.png,https://masterplacestats.s3.ap-south-1.amazonaws.com/Wicketkeeper/22D.jpg,OVERSEAS
D23,200,WICKETKEEPER,200,"JONNY BAIRSTOW",8,NULL,https://bcciplayerimages.s3.ap-south-1.amazonaws.com/ipl/IPLHeadshot2023/216.png,https://masterplacestats.s3.ap-south-1.amazonaws.com/Wicketkeeper/23D.jpg,OVERSEAS
D24,200,WICKETKEEPER,1700,"JOS BUTTLER",10,SRH,https://bcciplayerimages.s3.ap-south-1.amazonaws.com/ipl/IPLHeadshot2023/182.png,https://masterplacestats.s3.ap-south-1.amazonaws.com/Wicketkeeper/24D.jpg,OVERSEAS
D25,200,WICKETKEEPER,320,"HEINRICH  KLAASEN",9,SRH,https://bcciplayerimages.s3.ap-south-1.amazonaws.com/ipl/IPLHeadshot2023/202.png,https://masterplacestats.s3.ap-south-1.amazonaws.com/Wicketkeeper/25D.jpg,OVERSEAS
E01,200,BATSMAN,600,"AB DE VILLIERS",15,PBKS,"https://img1.hscicdn.com/image/upload/f_auto,t_ds_square_w_320,q_50/lsci/db/PICTURES/CMS/316500/316555.png",NULL,OVERSEAS
E02,200,BATSMAN,460,"CHRIS GAYLE",15,RR,"https://img1.hscicdn.com/image/upload/f_auto,t_ds_square_w_320,q_50/lsci/db/PICTURES/CMS/316400/316494.png",NULL,OVERSEAS
E03,200,BATSMAN,200,"BRENDON McCULLUM",13,NULL,https://i.pinimg.com/474x/38/50/7e/38507edd2df178149cbf1cb444ea198c.jpg,NULL,OVERSEAS
E04,200,ALLROUNDER,200,"SHANE WATSON",14,NULL,"https://img1.hscicdn.com/image/upload/f_auto,t_ds_square_w_320,q_50/lsci/db/PICTURES/CMS/316500/316502.png",NULL,OVERSEAS
E05,200,ALLROUNDER,650,"KIERON POLLARD",15,MI,https://bcciplayerimages.s3.ap-south-1.amazonaws.com/playerheadshot/ipl/284/210.png,NULL,OVERSEAS
E06,200,ALLROUNDER,200,"DWAYNE BRAVO",14,NULL,https://parimatchnews.com/wp-content/uploads/2020/11/Dwayne-Bravo.png,NULL,OVERSEAS
E07,200,BOWLER,480,"LASITH MALINGA",15,GT,https://upload.wikimedia.org/wikipedia/commons/thumb/8/81/Lasinga_Malinga_MI.jpg/220px-Lasinga_Malinga_MI.jpg,NULL,OVERSEAS
E08,200,BOWLER,200,"DALE STEYN",14,NULL,"https://img1.hscicdn.com/image/upload/f_auto,t_ds_square_w_320,q_50/lsci/db/PICTURES/CMS/316500/316566.png",NULL,OVERSEAS
E09,200,BATSMAN,200,"GAUTAM GAMBIR",13,NULL,"https://img1.hscicdn.com/image/upload/f_auto,t_ds_square_w_320,q_50/lsci/db/PICTURES/CMS/319900/319935.png",NULL,INDIAN
E10,200,BATSMAN,200,"VIRENDAR SEHWAG",13,NULL,"https://img1.hscicdn.com/image/upload/f_auto,t_ds_square_w_320,q_50/lsci/db/PICTURES/CMS/319900/319953.png",NULL,INDIAN
E11,200,BATSMAN,320,"SURESH RAINA",14,RCB,https://english.revoi.in/wp-content/uploads/2021/07/suresh-raina-192x189.jpg,NULL,INDIAN
E12,200,ALLROUNDER,400,"YUVRAJ SINGH",14,LSG,https://static-files.cricket-australia.pulselive.com/headshots/440/11225-camedia.png,NULL,INDIAN
E13,200,ALLROUNDER,200,"YUSUF PATHAN",13,NULL,"https://img1.hscicdn.com/image/upload/f_auto,t_ds_square_w_320,q_50/lsci/db/PICTURES/CMS/322600/322695.png",NULL,INDIAN
E14,200,BOWLER,200,"ZAHEER KHAN",14,NULL,"https://img1.hscicdn.com/image/upload/f_auto,t_ds_square_w_320,q_50/lsci/db/PICTURES/CMS/319900/319956.png",NULL,INDIAN
E15,200,BOWLER,200,"HARBHAJAN SINGH",14,NULL,"https://img1.hscicdn.com/image/upload/f_auto,t_ds_square_w_320,q_50/lsci/db/PICTURES/CMS/319900/319937.png",NULL,INDIAN
E16,200,BOWLER,200,"ASHISH NEHRA",14,NULL,"https://img1.hscicdn.com/image/upload/f_auto,t_ds_square_w_320,q_50/lsci/db/PICTURES/CMS/319900/319931.png",NULL,INDIAN
